img,title,price,url
https://i.ebayimg.com/thumbs/images/g/CYQAAOSwXSdg3MzI/s-l300.jpg,Russian Diver Automatic Watch Vostok Amphibia 120512  NIB,$117.00,https://www.ebay.com/p/1674564446?iid=284398707417
https://i.ebayimg.com/thumbs/images/g/m6EAAOSwKtFf-sVr/s-l300.jpg,Mens Custom Fully Ice out Sport Automatic Iced Cz VVS Quality Stainless Steel,$109.99,https://www.ebay.com/itm/143914104860?_trkparms=ispr%3D1&hash=item2181f2f81c:g:m6EAAOSwKtFf-sVr&amdata=enc%3AAQAGAAACgPYe5NmHp%252B2JMhMi7yxGiTJkPrKr5t53CooMSQt2orsStz9xmFVBsUWjIyPqJlXwjAgyXA13qhQKJCQkRdgdhKSuXtECRO8KBLAnvIGMm3JYthM0Wub3iv3QHgqeseznYYWITgrDQPHNENP1TzCVg6ggyYgIB6Jf41qwiWEs8q4tR65o%252FB8hSzSR7lPWxpeuTJzwqPmWBewbRIoP3SexhLpPKz8nmFuDgptgjVPnuaIYmVtWT%252FVki4cL8n%252FZHRfUXBgim2aVzL0OO4F0ji8lZycSuvbgiGw9fVoXn5LhcbfvPodSTKhqZcwGETJiCPUUVlA05UGYMaN95Rqu6n0hHtW16CtGICKJ2tDDR4UlfOOPneBFzoqSw5gO6fedzusg7px3bxz0PXN1Dr0djUJ8IqA5KZiSX8dpF%252BZnvxqFehiUyTdIbGRAFuDA0XTr9BU6QBmmqYJmKYdg3AzvRiinaN6yEj0EkBxDZUr1t8gDhILux90Nr9O0bwJLGZitCiDJzZCyaqB7mVxbswIZ7oeIif%252FL4lKZ8pBIhk2204MXKuzR5DER%252BQE3gXvaiaGg0nwyXJ7bH53oCPNBIOQDmm82c8NQk0jKVfHxNXAyBhRFxbclIn9badE8pSlVL2d%252FLFO0l0SbIla0CtM1Ftp25frerelelRZqk0iOK0ACPtvxQSd1Vj7Tf9InqTp%252BjJ1ScLbONq3fPRFOktYUgfgelp8CjQg1lcvIAs0pUiZVlAy0Pn3jJ%252FdGFRHokaaQXsI%252BIpJyPucTlh5baIgX82VpczRuwyAR0fQVzRQsSar2mtgOh43wnzO8RUJCdDQZgyaPXynFhrEbgt9IVX6aQIxUKT0wmuA%253D%7Campid%3APL_CLK%7Cclp%3A2499334&var=443175516114
https://i.ebayimg.com/thumbs/images/g/Fr8AAOSwppVg4RyJ/s-l300.jpg,Mens Custom Fully Ice out Silver Bling Round Blue Arabic Dial Bling Watch Iced ,$159.99,https://www.ebay.com/itm/144100462813?_trkparms=ispr%3D1&hash=item218d0e90dd:g:Fr8AAOSwppVg4RyJ&amdata=enc%3AAQAGAAACgPYe5NmHp%252B2JMhMi7yxGiTJkPrKr5t53CooMSQt2orsStz9xmFVBsUWjIyPqJlXwjPqej6frMMSGpHqO00JfqrqR3lmZQZty%252BeT0hLgGrvHZulBmiuG6e1vDa3H78ohqWVbEMUiQ318NVLHATTB4SW6sJYpV7JKhcbUVKJ6IGj1%252Fk7MDFzb4NisFfJIc3d8uwp15F70pmRhI0epmuN7d0zMfu7j1YoPwgAFaJkO%252BNSynb46BBPnYFlhPzUlwH%252FAOm8ZR%252BPuYrhPLp1ADBmRUUIhFgGARJzdEmLRrxO66T0vS0YCNMKYyhK6opuIqWeMMWUoGjmzWAomLyhhxioO1WB%252FUlGNMrg1Umx9PV3lVYd0vGPNJ%252BZEv9BxVSm92P%252BC9mvcsFHCnUy%252BO96k44jJiD%252BmeYchlsndU3HOf4I3p5nhr6WoMqmQRfx1rthsuQx%252BQj8ZwfmnnHMOZzjNFccp2eNZjzk%252BPMkRYdEAhV6NANmQ12CJB5S2DI3p4k42vGDL7M12PL2ia4mbvbsspBtk7EHpARulWU3ZNg6fOfNrommVEKYlh%252B%252B9AdL1tPfN0upOtJtZRdmk%252BEC9%252Br33hmTlhSt4adhn3VHpibNKqIdChBN2zQHQ%252FFtDzlAIm4VKaC4whXjpBc9m7Do7RSof%252Biv7n5bQjQqrPgei2R4Du%252BQPfoH5tTaGM4NVbXcY3HlP0MpGexZxmZF5XQFTx3utqY%252FFFD66agod7KvB63mGgdD0b24diNTPQXWGFn6XH2kzHcAZ%252FCdTY0Sl7TGVo1fqiUseGsY724xfoxPpYRT948BKZkbWHUTc9JYIf3RUSitgV55VRPU3VdxOop%252BQ30H9AcImafYU%253D%7Campid%3APL_CLK%7Cclp%3A2499334&var=443402552471
https://i.ebayimg.com/thumbs/images/g/HJAAAOSweR1g3q53/s-l300.jpg,3H Italy Watches Oceandiver Watch Automatic Men's,$146.23,https://www.ebay.com/itm/393422309725?_trkparms=ispr%3D1&hash=item5b99cc095d:g:HJAAAOSweR1g3q53&amdata=enc%3AAQAGAAACgPYe5NmHp%252B2JMhMi7yxGiTJkPrKr5t53CooMSQt2orsS756jE49efRUdZ161WGGuaUpdTTpL5ukD5u3QvWw4LDsdTc%252BfgNo11YhoPom87t2BJTBbyjb4SSpgC2wEkQs5kqRSI8cObPv%252F12yvoboVsNjsW2IPPz9TDSuwbUyAke1xvzlLWzi7uAjNJ1D6mpwwbUpPmn2ebmVGU5LSKos%252FfQu0xNC3arAi%252BEwtM%252B7rgf8gqWlBJV893kvENqJKGtvC36gGUbpzsOGqTjh1JbOsBBPA0XujI1YaEymt1F4U1E6Juo4l1jQXQCasMh26yGkvcpYbZazrdVMY%252B0rwGmEPSSy5Y40L2JPvq2cCkBpSxp7SgneHMrtaLCfKSbGwGOz7FFmQTMEnNXGyfnol24KG%252B1%252BKn%252BCQYCFE1EiBdfsD7eoV6KJ51d%252BDagvQhj2djwuS%252BOj3Eh6RURvoo0jlb78lj2EGYC9qWXOP1fh0J1JG3ENVerkKCudEVfU06rA9ZBnHcvKhNs52VDtS5z49GQ49YamCiAKWJg5LbfWwSat76rEioS9yiSnMKHnzSmviQ9EkFqy2MifXSAraXGhkHgBCKQEFBRqTsjDwX6Ir6yuPljPbDxPdGekIxAf%252FvIVpDHTJgLOojRZjAM9%252F3axedVXPTjqByUNqa8P9EdyZ76g04TtncnGGojlcplADtOKPH3eqwnATowqhIXe1GAv59RgRmEftTReodtGlx34KB32Jh0V9965lURFPxdUnqyovs5K3uZw8sgUn3RJeYPxdUnVEQpplrAlmzn7Hbw61PZ%252B8N0Lnn%252B%252Bqmsyk19JS9XSWQtUoyZy0%252BRDrO8YEI7AFYu%252BXbV0%253D%7Campid%3APL_CLK%7Cclp%3A2499334
https://i.ebayimg.com/thumbs/images/g/9~oAAOSwSRNg4R2D/s-l300.jpg,Men Custom Fully Ice out Silver Octagon Bling Round Blue Arabic Dial Bling Watch,$199.99,https://www.ebay.com/itm/144100468772?_trkparms=ispr%3D1&hash=item218d0ea824:g:9~oAAOSwSRNg4R2D&amdata=enc%3AAQAGAAACgPYe5NmHp%252B2JMhMi7yxGiTJkPrKr5t53CooMSQt2orsStz9xmFVBsUWjIyPqJlXwjPXn2eN5hPlNkit1NhYH%252F4D2nRslwhMWkwojiQ%252FOsnb19kGOEwLOa1hI%252B1PSItC%252FK0uVtcWWp%252BJXbywogfaoxKT29IrEJ4Rq%252BQwRo6%252Bv%252BTDFsONSlr3Yb%252BiVdFG%252FrmCe%252BpSFx9%252FS6TP8%252FaLpjc%252BL8uuouEFSC7irJaAS7%252FikRSM3SPDd%252BjMqpMhqbacY%252BGs%252BO0p349Eond%252BpYZLfrb3ZIA%252FQi%252BfPDf0ZzzjK9xBdKBElNW1SiFJ6nJkhgPDEPtFLrqlAgo72NGiSJ6%252FbmxxqM69Ow9fuebLSfHOqvyG72CshfEslNwzaKaNY10JPmZst1fDOJDWehkR8l8eQmkv6e%252F%252FpOp4sM1Ii3pBq7bwZqz2d5EVLageB%252FlMYwXJ4IyoMQpS28obkyF%252BJZZ33QRRSaj8VaX%252FYdEaSobXTTOkzLcBeiAnJxHlmUUrvocFpCNAcjKMs98SnooxCez%252FuPa8yNFSKjeVlyWQQVZhaPxOmuNOx59N%252By%252BLfACUuH6YWFMTpAOgKkMh%252FArYgG8uihgtkEaClXRbsFvMTQoFc6ZGXuUyAHkPmtbIaCJMV0mb7%252FqRW5whrJNyMT0y77wh6akat4N%252F04vSxoOL%252FhZTLsixFJyKzHsR8iJj21vUcYm8O8SahEr0pn8gb2sToSYEJgO3JxYYTPDxHmNPfSohXXGLH7toyrRSHmXvSYZaXrQwtrHfz0uRZOBP%252BsAYyzUAtniAmh83o5igYYX%252BcyEtXs4CQg3Sug%252Bt%252BWLlW0d%252BHv%252FfKNp7RBiVEnyhsSXClQv7QIypTIrk%253D%7Campid%3APL_CLK%7Cclp%3A2499334&var=443402561637
https://i.ebayimg.com/thumbs/images/g/O9YAAOSwzPxgirHQ/s-l300.jpg,Ingersoll The Chord Men's Automatic Watch - I07203 NEW,$114.99,https://www.ebay.com/p/22030679506?iid=203413382543
https://i.ebayimg.com/thumbs/images/g/2f8AAOSwCrxhD6mL/s-l300.jpg,ANTIQUE VINTAGE POCKET WATCH JOBLOT SPARES REPAIRS ,$173.32,https://www.ebay.com/itm/304098434761?hash=item46cdaddec9:g:2f8AAOSwCrxhD6mL
https://ir.ebaystatic.com/cr/v/c1/s_1x2.gif,F1 Renault Tw Steel mens classic Pilots style Watch box/booklet and extra strap,$187.18,https://www.ebay.com/itm/324743997230?hash=item4b9c40272e:g:QaQAAOSw3~BhDol9
https://ir.ebaystatic.com/cr/v/c1/s_1x2.gif,Very Rare Solsuno LED Mens  All Titanium Watch Working  With Original Box,$110.92,https://www.ebay.com/itm/184985069732?hash=item2b11f828a4:g:1LcAAOSwuRxhDP4C
https://ir.ebaystatic.com/cr/v/c1/s_1x2.gif,Ingersoll Men's The New Orleans Gents Automatic Watch - I07802 NEW,$123.00,https://www.ebay.com/p/28039083443?iid=284032088505
https://ir.ebaystatic.com/cr/v/c1/s_1x2.gif,Höglund & Sons Mark I Meca-Quartz Chronograph Geckota C-01 / Seiko VK64 MVMT,$124.00,https://www.ebay.com/itm/265258461087?hash=item3dc2a2e79f:g:3MwAAOSwD39ejk5c
https://ir.ebaystatic.com/cr/v/c1/s_1x2.gif,Diesel Men's Watch - Chronograph Gunmetal Dial - MR DADDY 2.0 Red - DZ7370 UK,$145.57,https://www.ebay.com/p/2142145088?iid=265173924858&rt=nc
https://ir.ebaystatic.com/cr/v/c1/s_1x2.gif,MVMT Men's The 40 Leather 40mm Men Watch,$147.00,https://www.ebay.com/itm/154559596309?hash=item23fc784715:g:kIAAAOSwvE9gp~2a
https://ir.ebaystatic.com/cr/v/c1/s_1x2.gif,3H Italy Watches Oceandiver Automatic Watch Men,$174.30,https://www.ebay.com/itm/393422309732?_trkparms=ispr%3D1&hash=item5b99cc0964:g:1S8AAOSwjZpg3q6F&amdata=enc%3AAQAGAAACgPYe5NmHp%252B2JMhMi7yxGiTJkPrKr5t53CooMSQt2orsS756jE49efRUdZ161WGGuaS%252B2o9Y7HPQxWMYjbGMzz4KJzQNXWKwCQz21Z7OlfFZqU%252FiWZsSREa615aDo8WiskXiMBx8ubjOPZRh3Jk5eJb05eEupmVAPFQoI6YbxD7E3wOQ97UigQewKQofAxZZ%252BMz3nuH8P4LPn1NxDNOKko6rg4Wm1OAHII%252BPpwGmzHEEaxnlGTakD3xtRvJl7FNriQ%252F8%252BP1QvsR3kBJGV9n0GGl1NCNR3zY%252BkX1T6sxN7CDDa6uFCjkEflgj6EteM2TfS%252Be5YMaoHtGlX2sJcLdrw02u4cDDvIm2aExMmYFnKKnIptpqzsTaAUc3zSXaeRlYpkICR8kf%252F3MzG5FG7M2w5T0ktr%252FScxEthdPZk3uTE4O5kMHWimBMHHxLpYN6JFLE51j1N%252BTpypPpgTn6RwIPV0GM6B5xeUQJhv4ZKeGJx0BSe2OCqzESpK3eOYz84w2tOZf5vll1OdCChJNZ6HDUMr%252FR6wH7aYVthcv0Iuqbguf%252FYGRdCzy99htSjviEB%252B%252Fpq%252BzSqFicnzLxcbFRmFmxVhNFKpNmSyZPpJfu48SPWhY5pW1ffheedwAGK1ll4ykmNnXi1v3OcgcMQhmfdwJTp3vcVNY08yUtyw6v0ftSyvrWK5aNXOgTsO9tU4oh2lGdLuwARtypiws5icJZS5%252BNmus43fXpLTbdCoAv3ibfK1o6wtKe0%252FL5JsrJllWKQeLOx3eS4dDBjyJJfTlm6SJhVKcf%252Bn%252F8Z%252FNgcCQKH86WIzXFU5wX2PlbjXhc8qwAop7GsFZbwX%252F6tZERrH9JBvLQKnco%253D%7Campid%3APL_CLK%7Cclp%3A2499334
https://ir.ebaystatic.com/cr/v/c1/s_1x2.gif,Mens Custom Fully Ice out Sport Iced Cz VVS Quality Stainless Steel Fully Bling,$109.90,https://www.ebay.com/itm/143914051365?_trkparms=ispr%3D1&hash=item2181f22725:g:YFEAAOSwILpf-q80&amdata=enc%3AAQAGAAACgPYe5NmHp%252B2JMhMi7yxGiTJkPrKr5t53CooMSQt2orsStz9xmFVBsUWjIyPqJlXwjA6OrYmIeFrzFwGHTW0j77OxLrWUyWHsRBk%252Fla3oJhdjkRclkUe%252FpAWQKodwn%252B%252Fsu2xIkTvBD6VZuLIpE1vB06Rk2TqynaYAWuTaOEvNfRLdkMuOnOXkHpztnu6m%252B6zhkkuUuV7b%252BWUn0dvEgXESlic4MHrnO4gZ%252FrPn8Zdw617EJsL6VI2pYScp5ZLwdJa9Pm0Jfmf%252Fil%252BvxCB5Ol1GqzWBvYAlq0fPMyqlMistV33YTtdG9%252BH80CEKREzBXkivUUQzWFjHrbJGWI%252BcSxsJCuM98UweaqykMFIFoSewUEOXoVWZCq8mDMHawRpjus6xHfKpfuGvd0uiSw8E36aac1BdoU3MlVDkAE3gUJ0ndfdZyrL4YOneYtrV3D8QIcocKfeh82gnmegtmpQNEiWHCqzzmoM0i4n39FBdgED6dMAOw6zkHWKpCW2WSrbaGEOjZrWMqa%252BojwfaW1pUjfsSDDueMkXKWZOIYlCKooL8pcfNwXdoCNPzoMcaa33A7u1lfikKWY8PXxTLrcMVEa2WgwAWfh5BvrS5mcpqUtQ44wMKHt5tVJx7Kp%252FCZCavL5InIYswQYdHB2sruR5a7xr9jX4wlezIjjbt9aPXRm4%252B0QstKr1cBqPiycg1rTjcGa64l4NYjuE%252FUngZN5rI52tSeydcuLbp2Tzdb1jnjjmWF6AiV21SZEBEGKUD9j%252Bm1EcHDL%252FChwZlvIYLl7TjBMtKTN%252BTOm2XdXLq%252FY%252FHd%252F9C29QY2URfdS9VifVOYZ%252BDTQ%252FXs7s9EeQhhGxN8m%252F5JHyjGfw%253D%7Campid%3APL_CLK%7Cclp%3A2499334&var=443175453022
https://ir.ebaystatic.com/cr/v/c1/s_1x2.gif,GMT Style Men's Pro Diver 40mm Silver Stainless Steel Watch Pepsi Coke Batman,$119.99,https://www.ebay.com/itm/224401742816?_trkparms=ispr%3D1&hash=item343f62dbe0:g:Sb4AAOSwQ3FgXs5M&amdata=enc%3AAQAGAAACgPYe5NmHp%252B2JMhMi7yxGiTJkPrKr5t53CooMSQt2orsSK%252B2M%252Ffp5X4rboLTBP5niNbeoiNh6DOkKX9WsjZ0RmpnZ2y6mmc27wLLGGwVex8pMcpCXJoWsQp1f2L%252FSPqQEehRQ%252Bzla81MbCxA7YclMdKf7pYTzgBpfJ8cPQQSOlMCOMZMfIUCYf1qaX8x9bzSVvGBY3Ss7neS3dJSmy2JhDv5JGLfmNVK2iXNoYbha%252FuDP9t3pyfk%252BiasiKuDGtPXyJLWnRMeqDiMOEuYfHd%252F94DZ5eG17oVEnozpxWbmvxeRqIkwZepWyDbAIa2%252FTPrZGFkf%252Bh9C1PLU4L0U%252BEeoVFkRLv7LBlBrdjDVFPeR0Dl0whMlKDJHECI6L4GIS%252BXfINF32X721qYO6ynj4EIB6ZUOSDgDwt4CNNqN6RRJj0Wz7cWJgdHZb0AYwhhx8dDe9PjIEDYCcJf97exjA97j11%252BHXoullzu%252FNtS8a84J8gsFKcPikxMR13jjL%252FfQKH1vE6GmAdLUtcDW5UtygP7GVzxCGqPzJajZs2ufaVTGNIzZK47CFa44r%252FZUsDdnpAgobeNh1vV4EjD0V5Kvy4qt1%252BjJBFUnf2ciPjIE9L5jr2wLSn6bT3AU4qiP3yjE10mT7oGlisSyjcJf9mMOhmwehmUnoNGmXQhU6Uv2Bg5JqBLTMBkiuvqkcnPL%252BsFteuTpXD8%252B6%252FY7Xma%252FufcYVbS0qpSVtLq5FUElASv0ugA0zo%252BXVlUrf2hoRblGRXd5XlE3I7yy5RVSxgdfrct3y5ugzgLbniagj90Ska3Mf9Ou7pf%252FF5F51%252F%252Bu14klsR1GwL59eZGhnJjPi4gvGiBpu%252FhE%252BHSU%253D%7Campid%3APL_CLK%7Cclp%3A2499334&var=523187107788
https://ir.ebaystatic.com/cr/v/c1/s_1x2.gif,Invicta RESERVE JOKER CHRONOGRAPH Ltd Ed 18K Gold Black Dial Strap Men SS Watch,$199.49,https://www.ebay.com/itm/393417905466?epid=14034610899&_trkparms=ispr%3D1&hash=item5b9988d53a:g:D-YAAOSwbu1g22qf&amdata=enc%3AAQAGAAACgPYe5NmHp%252B2JMhMi7yxGiTJkPrKr5t53CooMSQt2orsS756jE49efRUdZ161WGGuaf5SpyZkoa3WjLpC6tG9WA8ESFkbpT9s8h1QlZxe73AZF5YXZPZJYJDxrzDJ%252FGqahivezBLMM%252B7sGZbBsOtx3nSaG7YKjNUGVgyfWLZckzT%252BCymZCHTLgU5vVpRa3iJG%252B%252Fe2ala0PpLJcYW5d5IVHqAXVuePqSwtH6DfhAbUZmF3ykkj8MB7fQAmAd9BdDOvJKut%252FccmhH%252B0DNiRbFHpsS8xMjXpQyn8tvxoYbe90qOid7Ac7a%252FtCZCKMDKCybuCuIIwA9la6i8DkLS%252B3eaP3GMAcsaWDJ7Vycze%252B4hWXo%252FW0eJG42XdtFz3bvyDWVXf7OvkvVWta%252F0cB%252BYNT1htKbv7JPrCgWGi%252FotL%252FJc%252FevK2A747W%252Bquklh9vtSbAq73JvmdOXMrZW4Li5W%252FQVEznO9rq%252BGUG%252By%252BCALvHL5km4Sj%252F6W0yncfWFn1beTnNgujjrWPnhz%252BnZE0wPac6xef32KrxEymsnfxrx4Aq7GK1gxcZOadg4d5o5fGyRj%252BGiOtfLD7fh64bBrzxZVRBkbz76EULl%252FjtXEIUONc4iD7X9gp2p%252FxW8I%252FDEN7ao536tK9s8b55UVZGs7HQSP5uf30XGZuFLeqI6N6V7AIk%252FUrBvTTQZiZFPimvO0vlyy2M%252BkzyPtNMLCTWBFfUOZRbtHThjR5z4tFYirXRoRO4Lko5ZdXCEu1ByfIgk1ab%252Byj0%252FPmlnxDVqRfoJQ26QO%252BqP7gN3qlfXIQdqXNkMmMNSBDkixO0YdtyzIjJWOe7rjWAn%252Fyav%252BG5nHLVU5lWj2o3W%252Fxvo0%253D%7Campid%3APL_CLK%7Cclp%3A2499334
https://ir.ebaystatic.com/cr/v/c1/s_1x2.gif,Invicta Men's Pro Diver Automatic 200m Stainless Steel Watch 30412,$116.23,https://www.ebay.com/p/10036250443?iid=193837094334
https://ir.ebaystatic.com/cr/v/c1/s_1x2.gif,Mens Custom Fully Ice out Oval Watch Baguette Cz vvs Quality Stainless Steel icy,$109.99,https://www.ebay.com/itm/143655899694?_trkparms=ispr%3D1&hash=item21728f122e:g:nvMAAOSwuSZe8HwN&amdata=enc%3AAQAGAAACgPYe5NmHp%252B2JMhMi7yxGiTJkPrKr5t53CooMSQt2orsStz9xmFVBsUWjIyPqJlXwjAKZmf2K81CmBX9JN1zj%252BZQvfbL89YeyUV%252FV8Cbnv%252FEbAzBjuE%252FNeJ6sKxQy2lK2fpjlhDtRB9OH6RJx8JkSa%252FiCgZiV98zHXRvI7BeCNeCabUXftraRmqJfxpUsMYUojYWX20VHRYJSpBGAOjXqxre9B97iJ3Loaudt%252FNtdJJ9AFGUz%252BkgfJVkpjSOz2pWoK%252FIhsrBcWgzlBbB77b0tZ7FxWiF%252BWYMDeYKMCIoOQJbybW6PZyYzW07mlVrblZwI5hOu5pohyX3MhzC6SVMgSyugJB8ZwoXNBBeDk7h61a0ktQA6903oYt7R0h%252FJHiepx8p7nArw4MoZz6L%252BotYBFkImDeCRUSP2moadgf3RoaLwu8YyWmgJSJjvikh98LErtPurLhmAMVXLYeoyGn9li2SZ%252BGzueh1%252BliBYmb3rKos5BvzOuBWBoFtL2ykGWC3QtKDm21zb9KcE1V65PrAU3ZvMRbHteMe3%252BcNXDKlnOoebn%252F%252FUviB3LMU2TxUgMKi8tiF9zQWaXfuOu%252FuKuY6aEeYmAK3jKRr6zQEqCdlI4szdDYA3JINfYdQ%252BY0vINv1eAtQjEcJpb7oOGuONDAt90O%252Fiq3Z1kCqqiO8anC%252FzC2vc3g%252BwBpLqXJc%252F56NV8hDCdDLdM5RjwQEo%252Fy2PnpSdMKu7U992q9EhLM1gJCPJaqASjgm9oa99gb1Ae60SlQZR%252Bg2SpNqazqeXXDGFxbWK4B1%252BFLN87LJM96SUi54dwIOtZWn0OO2nS92GK2ivGPAjBOSXDSYOnyklcdSiDjb7ibs%253D%7Campid%3APL_CLK%7Cclp%3A2499334&var=442637899939
https://ir.ebaystatic.com/cr/v/c1/s_1x2.gif,Seiko 5 SNKE03 Brand New,$131.72,https://www.ebay.com/itm/363498268750?hash=item54a22f684e:g:YwAAAOSwFTJhD9rJ
https://ir.ebaystatic.com/cr/v/c1/s_1x2.gif,Tag Heuer CN2111 2000 Exclusive Chronograph Automatic Aqua Racer 39mm With Box,$113.99,https://www.ebay.com/p/28047479369?iid=174873212748&rt=nc
https://ir.ebaystatic.com/cr/v/c1/s_1x2.gif,Casio G-Shock New Era GM110NE-1A Box Set 100th Anniversary Limited Edition ,$163.50,https://www.ebay.com/p/10043001665?iid=174879327810
https://ir.ebaystatic.com/cr/v/c1/s_1x2.gif,ROTARY Henley Men’s Chronograph Wristwatch  (GB05235-05),$173.30,https://www.ebay.com/p/25033812112?iid=114924368830&rt=nc
https://ir.ebaystatic.com/cr/v/c1/s_1x2.gif,'19 Dirty Beige Carbon Core Guard GA-2000-5A Copper Eye Khaki Brown Discontinued,$133.11,https://www.ebay.com/itm/363495936017?hash=item54a20bd011:g:gWAAAOSwKJVhCrbc
https://ir.ebaystatic.com/cr/v/c1/s_1x2.gif,Antique Waltham Hunter Pocket Watch. Size 18. 13 Jewel.1887. Rare R.E.Robbins ,$152.52,https://www.ebay.com/itm/363498084499?hash=item54a22c9893:g:68wAAOSw8S1hD7UG
https://ir.ebaystatic.com/cr/v/c1/s_1x2.gif,Antique Hamilton Pocket Watch 17J  Movement Engraved ,$169.16,https://www.ebay.com/itm/403051522363?hash=item5dd7be293b:g:JhUAAOSww65g~-RB
https://ir.ebaystatic.com/cr/v/c1/s_1x2.gif,Stuhrling Metropol Elite Open-Heart Automatic White Dial Tank Watch,$125.00,https://www.ebay.com/itm/294321282109?hash=item4486ea5c3d:g:vakAAOSwZI1hDu-8
https://ir.ebaystatic.com/cr/v/c1/s_1x2.gif,Invicta DC COMICS SUPERMAN Chronograph Gunmetal Black Dial Men KRYPTONIAN Watch,$159.99,https://www.ebay.com/p/3044833982?iid=393491675816
https://ir.ebaystatic.com/cr/v/c1/s_1x2.gif,"1970 N2 Bulova Sea King Whale Watch, Works Great",$200.00,https://www.ebay.com/itm/255082976481?hash=item3b642154e1:g:04YAAOSwNcRg5sAW
https://ir.ebaystatic.com/cr/v/c1/s_1x2.gif,Emporio Armani Men's Tazio Two-Tone Chronograph Watch - AR6088,$138.64,https://www.ebay.com/p/2254758898?iid=265181130847&rt=nc
https://ir.ebaystatic.com/cr/v/c1/s_1x2.gif,"Hamilton ""Bailey"" Wristwatch ",$110.00,https://www.ebay.com/itm/184987476130?hash=item2b121ce0a2:g:e5QAAOSwwzxhDvLr
https://ir.ebaystatic.com/cr/v/c1/s_1x2.gif,Gold Metal bezel and bracelet for Casio G Shock GA-2100,$109.54,https://www.ebay.com/itm/114926729591?hash=item1ac22ab977:g:nzUAAOSwyVZe058~
https://ir.ebaystatic.com/cr/v/c1/s_1x2.gif,Hugo Boss Mens/Unisex Quartz Watch With SS Milanese Strap Model 1513459,$110.92,https://www.ebay.com/itm/154560782844?hash=item23fc8a61fc:g:PkwAAOSwXwRfcLr9
https://ir.ebaystatic.com/cr/v/c1/s_1x2.gif,NEW GENUINE HUGO BOSS 1513441 MENS JET BLUE DIAL MESH STRAP CHRONOGRAPH WATCH UK,$117.15,https://www.ebay.com/p/11019364616?iid=163391019739&rt=nc
https://ir.ebaystatic.com/cr/v/c1/s_1x2.gif,Rose Gold Metal bezel and bracelet for Casio G Shock GA-2100 AP Style,$137.27,https://www.ebay.com/itm/114926749708?hash=item1ac22b080c:g:N8IAAOSwd1hfLXCC
https://ir.ebaystatic.com/cr/v/c1/s_1x2.gif,Lorenz Watch Bicolor Chronograph Men's A,$104.13,https://www.ebay.com/itm/393363386403?hash=item5b9648f023:g:93MAAOSwpc5gxyJx
https://ir.ebaystatic.com/cr/v/c1/s_1x2.gif,Invicta Marvel Men's 48mm IRON MAN Chrono Limited Edition Gold Two Tone SS Watch,$109.24,https://www.ebay.com/p/27039508674?iid=303644992320
https://ir.ebaystatic.com/cr/v/c1/s_1x2.gif,"Seiko, Vintage Gents Watch, 7005-7130,1976, All Original, Overhauled, Guaranteed",$136.78,https://www.ebay.com/itm/165007695014?hash=item266b399ca6:g:1eYAAOSwSdJhD8rh
https://ir.ebaystatic.com/cr/v/c1/s_1x2.gif,Invicta Men PRO DIVER SCUBA Chronograph Blue Dial 18K Gold Silver SS Watch 0077,$104.99,https://www.ebay.com/itm/393197787702?epid=144465749&_trkparms=ispr%3D1&hash=item5b8c6a1a36:g:IdgAAOSwl-hgYToX&amdata=enc%3AAQAGAAACgPYe5NmHp%252B2JMhMi7yxGiTJkPrKr5t53CooMSQt2orsS756jE49efRUdZ161WGGuaT6h2%252Fl%252F8HryHehXC3dkNolSJvoqLuQFvTY%252Fblld4ZcWgS1W2xRtWdqcLP5wkecubXSJNrNG3UATEagZhCtUoim5gS%252FihjmFzbmiOm0C1El0FdNop2sBc2aSL1wIi4ckVoUEIeXQJ1296b8EBrGj2f6T6nGHSGVLI1s3IvHNg6Br3myS0IM1jQ%252FA3ESx671fd%252BKs%252BvUATamw88u%252F4Vf0%252BwGd%252Bq0SvsRxVXsbFq%252Bj7uh0tEgQ6VYGUHavN%252B4SXaIELq07BwBcUo%252F%252BVeSQAdgi21jk5bgSIycjTN6Fqyl3k6q2kNzG%252FbMLmtJcw3hOVIFvMFe31askN1DgzBJ5AFsYpyG5CfePy1QeVLJK3G%252FXQ1mMWzaTlYX%252B266D%252BD824xSTSkvYQJ%252FV8SdByXCp1jjczkuByBoEVSWGjKlFxnNlmvqJZ7kdR8NKFGgKI9EK046aCDinWIQ9Pz09U5xfsENq3ADsf8jFAqSSI%252BB7ql5ZgZAxTo9wTh6PBcYIqcWv%252Bk%252FWR7kk%252BVPDD17Tn3fD2VWePXF48B0CcZ8nbCPlb7y4DWoS%252BlyjGSXXTG3IlMyuWq0u7jtYDcpZbUt7hyT%252B2xYSFkBSDk4iXX5iRNpsiEVbghPgL7Pi2b6CjS3SmMV4PORjR8PLCdpBArbkpkMqAfth5WCPNHY8cRVPJqsbDKjmO6ZcVIVzVTmxyAcVzuPnAuVpp9XM1itSXWAUNsn1FDeDc6YiymkC3c66J0juK8i5QYTFWWRfNLeJLs6q%252BBcCu4%252F2HnMpdXGZUSkRZ%252BnaQ0Z2438%253D%7Campid%3APL_CLK%7Cclp%3A2499334
https://ir.ebaystatic.com/cr/v/c1/s_1x2.gif,Men Custom Fully Ice  out 14k Gold Silver Round Red Arabic Dial Icy Watch Iced,$139.99,https://www.ebay.com/itm/144118376211?_trkparms=ispr%3D1&hash=item218e1fe713:g:p6cAAOSwBYtg9Jm9&amdata=enc%3AAQAGAAACgPYe5NmHp%252B2JMhMi7yxGiTJkPrKr5t53CooMSQt2orsStz9xmFVBsUWjIyPqJlXwjHTHyJLA1Ypm0347ptUoBhyFMpU%252BeVxAMP4p0yVWmtKSz2qOrmJAucyB%252FK3FAzd%252Bk3%252FBRJa%252BL04HM%252BFLdxzT%252FVqsPe899ngzCM%252FPgyEcPJNl8yobTLwLww796z09U6MRCEfNZtJAR6hOnVoSvAVLJFOXSeE5IMzcGApLvOSu0D76m5wG5mT%252BccBdUsDeIEays00NyWnU7aWCzQ%252FgAdQ3CGeFPo0JG2f6Qy1ZCineqZOrnXU2i12qQNV4UtvppxLCyiGwxxNd7nTVW%252FUvfxvKKg9G9tIZOTn%252FT43vYX6N8aV4SzvMpfp18RWpHJrxW9UyT9%252FPZ1GzqDKSVtR69Sn3rYATy28TUgRb3s4KT5%252B433ekAfC0xdLouJ4dfwQzx91o%252FAN7ok3r3N8UUQs6JSNNaDC9f%252FR4VUaLykopxGLaRW7Ny05IpZ3V5hkJLcr09164zT0R7CQ%252Bgx2wt1w%252B3y0AOEdrsOAi5gtPqtt%252FIzgjc1tJ61f08dDYPczon%252FEHrfsbl044uothHYtMolImitri8KtgAW9HET2zHQcxukYdmAkSDQcgWg9ccvdRwoaHtle6f0fKH3dpqb64qss2JQD19TsBgN6ba7JZYBdNBSgouKIVUikEYTgujfOl%252BSPnYCh%252ByG3nfCJG4AB5YRaP1k%252BvqaKGny%252BmQ9rrJ%252BwVokd00%252BgAkXC4HQnUfnX1Ju%252F5wskprYkhkU9zJBPQnODY3DxYNOY0WkOoUuR8TWJZv%252BWvUpoghilcEMIIKA8zXMiuCS3Hu9VmSQtpTJR5tktBzhsdXT8%253D%7Campid%3APL_CLK%7Cclp%3A2499334&var=443421980530
https://ir.ebaystatic.com/cr/v/c1/s_1x2.gif,VINTAGE S/S HERMA CALYPSO AUTOMATIC 36 mm MEN'S WATCH,$149.98,https://www.ebay.com/itm/124842260118?hash=item1d112db696:g:i58AAOSwPBNhDgr2
https://ir.ebaystatic.com/cr/v/c1/s_1x2.gif,Parnis 40mm Sapphire Crystal 5 ATM Miyota 821A Automatic Men Boys Pilot Watch,$139.90,https://www.ebay.com/itm/393489860329?hash=item5b9dd2c6e9:g:J5kAAOSwvTNhDjMv&var=662292197992
https://ir.ebaystatic.com/cr/v/c1/s_1x2.gif,"RARE NEW INVICTA 1953 "" BATMAN "" PRO DIVER MEN'S AUTOMATIC 40MM BLACK DIAL WATCH",$109.00,https://www.ebay.com/p/16043300048?iid=373398878832
https://ir.ebaystatic.com/cr/v/c1/s_1x2.gif,Details about   Victorinox SWISS ARMY Gray 241515 ORIGINAL Men's Watch New,$129.00,https://www.ebay.com/p/1608098192?iid=165007297186
https://ir.ebaystatic.com/cr/v/c1/s_1x2.gif,Invicta DC COMICS SUPERMAN KRYPTONITE BLUE RED YELLOW Dial Strap Men Lt Ed Watch,$119.99,https://www.ebay.com/p/24044521342?iid=393491644088
https://ir.ebaystatic.com/cr/v/c1/s_1x2.gif,Vintage watch Poljot Extra SLIM Watch Men's Vintage USSR RUS Case Gold plated,$165.00,https://www.ebay.com/itm/324071882770?hash=item4b74308012:g:iG0AAOSwvvleRX2X
https://ir.ebaystatic.com/cr/v/c1/s_1x2.gif,Seiko Men's Watch 8123-7199 SQ Sports Vintage Diver Quartz Black Dial 37mm + Box,$179.99,https://www.ebay.com/itm/203550196922?hash=item2f648984ba:g:iJIAAOSwUPFhDJj0
https://ir.ebaystatic.com/cr/v/c1/s_1x2.gif,CASIO G-SHOCK DW-5610SUS-5ER Camo Watch + Two Straps,$117.86,https://www.ebay.com/itm/393466329782?hash=item5b9c6bbab6:g:Kb8AAOSwE2BhCXZd
